<?xml version="1.0" encoding="UTF-8"?>
<beans:beans xmlns="http://www.springframework.org/schema/mvc"
	xmlns:xsi="http://www.w3.org/2001/XMLSchema-instance"
	xmlns:beans="http://www.springframework.org/schema/beans"
	xmlns:context="http://www.springframework.org/schema/context"
	xsi:schemaLocation="http://www.springframework.org/schema/mvc https://www.springframework.org/schema/mvc/spring-mvc.xsd
		http://www.springframework.org/schema/beans https://www.springframework.org/schema/beans/spring-beans.xsd
		http://www.springframework.org/schema/context https://www.springframework.org/schema/context/spring-context.xsd">

	<!-- DispatcherServlet Context: defines this servlet's request-processing infrastructure -->
	
	<!-- Enables the Spring MVC @Controller programming model -->
	<annotation-driven />

	<!-- Handles HTTP GET requests for /resources/** by efficiently serving up static resources in the ${webappRoot}/resources directory -->
	<resources mapping="/resources/**" location="/resources/" />

	<!-- Resolves views selected for rendering by @Controllers to .jsp resources in the /WEB-INF/views directory -->
	<!-- <beans:bean class="org.springframework.web.servlet.view.InternalResourceViewResolver">
		<beans:property name="prefix" value="/WEB-INF/views/" />
		<beans:property name="suffix" value=".jsp" />
	</beans:bean> -->
	
	<!-- <context:component-scan base-package="controller" /> -->
	
	<!-- Autowired사용 -->
	<context:annotation-config/>
	
	<!-- 수동으로 컨트롤러 생성 -->
	<beans:bean  class="com.korea.vac.VacController">
		<beans:constructor-arg  ref="vac_daoBean"/>
	</beans:bean>
	
	<beans:bean  class="com.korea.vac.EmpController">
		<beans:property name="emp_dao" ref="emp_daoBean"/>
	</beans:bean>
	
	<beans:bean  class="com.korea.vac.LoginController">
		<beans:property name="login_dao"  ref="login_daoBean"/>
	</beans:bean>
	
	
</beans:beans>












