<?xml version="1.0" encoding="UTF-8" ?>
<!DOCTYPE mapper
PUBLIC "-//mybatis.org//DTD Mapper 3.0//EN"
"http://mybatis.org/dtd/mybatis-3-mapper.dtd">
<mapper namespace="emp">
	
	<!-- 사원 목록 불러오기 -->
	<select id="emp_list" resultType="emp">
		select * from emp_project order by hire_date asc
	</select>
	
	<!-- 아이디 중복확인을 위한 아이디 파라미터를 통한 한명 검색 -->
	<select id="emp_one_id" resultType="emp" parameterType="java.lang.String">
		select * from emp_project where id = #{id}
	</select>
	
	<!-- 회원 등록 -->
	<insert id="emp_insert" parameterType="emp">
		insert into emp_project values(
			seq_emp_idx.nextVal,
			#{dept_name},
			#{emp_name},
			#{gender},
			#{reg_num},
			#{phone},
			#{email},
			#{addr},
			#{addr_info},
			sysdate,
			#{id},
			#{pwd},
			0
		)
	</insert>
	
	<!-- emp_idx를 통해서 단 한명의 직원 정보를 전부 vo로 이동 -->
	<select id="emp_one_idx" resultType="emp" parameterType="int">
		select * from emp_project where emp_idx = #{emp_idx}
	</select>
	
	<!-- emp_idx를 통해서 직원 테이블 데이터 삭제 -->
	<delete id="emp_del" parameterType="int">
		delete from emp_project where emp_idx = #{emp_idx}
	</delete>
	
	<!-- emp_idx를 통한 직원 정보 수정 -->
	<update id="emp_update" parameterType="emp">
		update emp_project 
			set 
				dept_name = #{dept_name},
				emp_name = #{emp_name},
				gender = #{gender},
				reg_num = #{reg_num},
				phone = #{phone},
				email = #{email},
				addr = #{addr},
				addr_info = #{addr_info}
			where emp_idx = #{emp_idx}
	</update>
	
	<!-- 페이지별 게시물 조회 -->
	<select id="emp_list_condition" parameterType="java.util.HashMap" resultType="emp">
		select * from (select rank() over(order by emp_idx) no, b.* from (select * from emp_project) b ) where no between #{start} and #{end}
	</select>
	
	<!-- 전체 게시물 글 조회 -->
	<select id="emp_count" resultType="int">
		select count(*) from emp_project
	</select>
</mapper>












