<?xml version="1.0" encoding="UTF-8"?>
<!DOCTYPE configuration PUBLIC "-//mybatis.org//DTD Config 3.0//EN" "HTTP://mybatis.org/dtd/mybatis-3-config.dtd">

<configuration>
	<settings>
		<setting name="cacheEnabled" value="false" />
		<setting name="useGeneratedKeys" value="true" />
		<setting name="defaultExecutorType" value="REUSE" />
	</settings>
	
	<typeAliases>
		 <typeAlias type="vo.VacVO" alias="vac"/> 
		 <typeAlias type="vo.EmpVO" alias="emp"/> 
	</typeAliases>
	
	<mappers>
		 <mapper resource="config/mybatis/mapper/vac.xml" /> 
		 <mapper resource="config/mybatis/mapper/login.xml" /> 
		 <mapper resource="config/mybatis/mapper/emp.xml" /> 
	</mappers>
</configuration>






