<?xml version="1.0" encoding="UTF-8"?>
<beans xmlns="http://www.springframework.org/schema/beans"
	xmlns:xsi="http://www.w3.org/2001/XMLSchema-instance"
	xsi:schemaLocation="http://www.springframework.org/schema/beans https://www.springframework.org/schema/beans/spring-beans.xsd">
	
	<bean id="vac_daoBean" class="dao.VacDAO">
		<property name="sqlSession" ref="sqlSessionBean"/>
	</bean>
	
	<bean id="emp_daoBean" class="dao.EmpDAO">
		<property name="sqlSession" ref="sqlSessionBean"/>
	</bean>
	
	<bean id="login_daoBean" class="dao.LoginDAO">
		<property name="sqlSession" ref="sqlSessionBean"/>
	</bean>
		
</beans>










