<?xml version="1.0" encoding="UTF-8"?>
<beans xmlns="http://www.springframework.org/schema/beans"
	xmlns:xsi="http://www.w3.org/2001/XMLSchema-instance"
	xsi:schemaLocation="http://www.springframework.org/schema/beans https://www.springframework.org/schema/beans/spring-beans.xsd">
	
	<!-- web.xml로부터 실행되어 최종적으로 접근된 파일이 바로 root-context.xml -->
	<!-- PersonVO p1 = new PersonVO(); 
	     p1.setName("일길동");-->	
	<bean id="p1" class="vo.PersonVO">
		<!-- 이와 같은 타입을 SI(셋터인젝션)이라고 한다 -->
		<property name="name" value="일길동"/>
		<property name="age" value="20"/>
		<property name="tel" value="010-111-2222"/>
	</bean>
		
	<!-- PersonVO p2 = new PersonVO("이길동", 20, "011-2222-3333); -->
	<bean id="p2" class="vo.PersonVO">
		<!-- 객체의 생성자를 통해 값을 주입하는 타입을 CI(생성자인젝션) 이라고 한다 -->
		
		<!-- CI로 값을 주입하려면 반드시 파라미터 순서를 맞춰서 넣어줘야 한다 -->
		<constructor-arg value="이길동"/>
		<constructor-arg value="20"/>
		<constructor-arg value="011-2222-3333"/>
	</bean>	
	
	<!-- String nameBean = new String("홍길동"); -->
	<bean id="nameBean" class="java.lang.String">
		<constructor-arg value="홍길동"/>
	</bean>
	
	<!-- Integer ageBean = new Integer(33); -->
	<bean id="ageBean" class="java.lang.Integer">
		<constructor-arg value="40"/>
	</bean>
	
	<bean id="telBean" class="java.lang.String">
		<constructor-arg value="011-555-6666"/>
	</bean>
	
	<bean id="p3" class="vo.PersonVO">
		<!-- 외부에서 만들어둔 bean객체를 참조해서 사용하는 구조를 DI라고 한다
		     (Dependency(의존성) 주입) -->
		<property name="name" ref="nameBean"/>
		<property name="age" ref="ageBean"/>
		<property name="tel" ref="telBean"/>
	</bean>
	
	<bean id="p4" class="vo.PersonVO" scope="prototype">
		<constructor-arg ref="nameBean"/>
		<constructor-arg ref="ageBean"/>
		<constructor-arg ref="telBean"/>
	</bean>
	
</beans>



















